Microrregião[1][2];Código;Municípios;Consultor;Estado
Santa Rosa;1;Alecrim;Roberta;RS
Santa Rosa;1;Cândido Godói;Roberta;RS
Santa Rosa;1;Independência;Roberta;RS
Santa Rosa;1;Novo Machado;Roberta;RS
Santa Rosa;1;Porto Lucena;Roberta;RS
Santa Rosa;1;Porto Mauá;Roberta;RS
Santa Rosa;1;Porto Vera Cruz;Roberta;RS
Santa Rosa;1;Santa Rosa;Roberta;RS
Santa Rosa;1;Santo Cristo;Roberta;RS
Santa Rosa;1;São José do Inhacorá;Roberta;RS
Santa Rosa;1;Três de Maio;Roberta;RS
Santa Rosa;1;Tucunduva;Roberta;RS
Santa Rosa;1;Tuparendi;Roberta;RS
Três Passos;2;Barra do Guarita;Roberta;RS
Três Passos;2;Boa Vista do Buricá;Roberta;RS
Três Passos;2;Bom Progresso;Roberta;RS
Três Passos;2;Braga;Roberta;RS
Três Passos;2;Campo Novo;Roberta;RS
Três Passos;2;Crissiumal;Roberta;RS
Três Passos;2;Derrubadas;Roberta;RS
Três Passos;2;Doutor Maurício Cardoso;Roberta;RS
Três Passos;2;Esperança do Sul;Roberta;RS
Três Passos;2;Horizontina;Roberta;RS
Três Passos;2;Humaitá;Roberta;RS
Três Passos;2;Miraguaí;Roberta;RS
Três Passos;2;Nova Candelária;Roberta;RS
Três Passos;2;Redentora;Roberta;RS
Três Passos;2;São Martinho;Roberta;RS
Três Passos;2;Sede Nova;Roberta;RS
Três Passos;2;Tenente Portela;Roberta;RS
Três Passos;2;Tiradentes do Sul;Roberta;RS
Três Passos;2;Três Passos;Roberta;RS
Três Passos;2;Vista Gaúcha;Roberta;RS
Frederico Westphalen;3;Alpestre;Roberta;RS
Frederico Westphalen;3;Ametista do Sul;Roberta;RS
Frederico Westphalen;3;Caiçara;Roberta;RS
Frederico Westphalen;3;Constantina;Roberta;RS
Frederico Westphalen;3;Cristal do Sul;Roberta;RS
Frederico Westphalen;3;Dois Irmãos das Missões;Roberta;RS
Frederico Westphalen;3;Engenho Velho;Roberta;RS
Frederico Westphalen;3;Erval Seco;Roberta;RS
Frederico Westphalen;3;Frederico Westphalen;Roberta;RS
Frederico Westphalen;3;Gramado dos Loureiros;Roberta;RS
Frederico Westphalen;3;Iraí;Roberta;RS
Frederico Westphalen;3;Liberato Salzano;Roberta;RS
Frederico Westphalen;3;Nonoai;Roberta;RS
Frederico Westphalen;3;Novo Tiradentes;Roberta;RS
Frederico Westphalen;3;Novo Xingu;Roberta;RS
Frederico Westphalen;3;Palmitinho;Roberta;RS
Frederico Westphalen;3;Pinheirinho do Vale;Roberta;RS
Frederico Westphalen;3;Planalto;Roberta;RS
Frederico Westphalen;3;Rio dos Índios;Roberta;RS
Frederico Westphalen;3;Rodeio Bonito;Roberta;RS
Frederico Westphalen;3;Rondinha;Roberta;RS
Frederico Westphalen;3;Seberi;Roberta;RS
Frederico Westphalen;3;Taquaruçu do Sul;Roberta;RS
Frederico Westphalen;3;Três Palmeiras;Roberta;RS
Frederico Westphalen;3;Trindade do Sul;Roberta;RS
Frederico Westphalen;3;Vicente Dutra;Roberta;RS
Frederico Westphalen;3;Vista Alegre;Roberta;RS
Erechim;4;Aratiba;Roberta;RS
Erechim;4;Áurea;Roberta;RS
Erechim;4;Barão de Cotegipe;Roberta;RS
Erechim;4;Barra do Rio Azul;Roberta;RS
Erechim;4;Benjamin Constant do Sul;Roberta;RS
Erechim;4;Campinas do Sul;Roberta;RS
Erechim;4;Carlos Gomes;Roberta;RS
Erechim;4;Centenário;Roberta;RS
Erechim;4;Cruzaltense;Roberta;RS
Erechim;4;Entre Rios do Sul;Roberta;RS
Erechim;4;Erebango;Roberta;RS
Erechim;4;Erechim;Roberta;RS
Erechim;4;Erval Grande;Roberta;RS
Erechim;4;Estação;Roberta;RS
Erechim;4;Faxinalzinho;Roberta;RS
Erechim;4;Floriano Peixoto;Roberta;RS
Erechim;4;Gaurama;Roberta;RS
Erechim;4;Getúlio Vargas;Roberta;RS
Erechim;4;Ipiranga do Sul;Roberta;RS
Erechim;4;Itatiba do Sul;Roberta;RS
Erechim;4;Jacutinga;Roberta;RS
Erechim;4;Marcelino Ramos;Roberta;RS
Erechim;4;Mariano Moro;Roberta;RS
Erechim;4;Paulo Bento;Roberta;RS
Erechim;4;Ponte Preta;Roberta;RS
Erechim;4;Quatro Irmãos;Roberta;RS
Erechim;4;São Valentim;Roberta;RS
Erechim;4;Severiano de Almeida;Roberta;RS
Erechim;4;Três Arroios;Roberta;RS
Erechim;4;Viadutos;Roberta;RS
Sananduva;5;Barracão;Roberta;RS
Sananduva;5;Cacique Doble;Roberta;RS
Sananduva;5;Ibiaçá;Roberta;RS
Sananduva;5;Machadinho;Roberta;RS
Sananduva;5;Maximiliano de Almeida;Roberta;RS
Sananduva;5;Paim Filho;Roberta;RS
Sananduva;5;Sananduva;Roberta;RS
Sananduva;5;Santo Expedito do Sul;Roberta;RS
Sananduva;5;São João da Urtiga;Roberta;RS
Sananduva;5;São José do Ouro;Roberta;RS
Sananduva;5;Tupanci do Sul;Roberta;RS
Cerro Largo;6;Caibaté;Roberta;RS
Cerro Largo;6;Campina das Missões;Roberta;RS
Cerro Largo;6;Cerro Largo;Roberta;RS
Cerro Largo;6;Guarani das Missões;Roberta;RS
Cerro Largo;6;Mato Queimado;Roberta;RS
Cerro Largo;6;Porto Xavier;Roberta;RS
Cerro Largo;6;Roque Gonzales;Roberta;RS
Cerro Largo;6;Salvador das Missões;Roberta;RS
Cerro Largo;6;São Paulo das Missões;Roberta;RS
Cerro Largo;6;São Pedro do Butiá;Roberta;RS
Cerro Largo;6;Sete de Setembro;Roberta;RS
Santo Ângelo;7;Bossoroca;Roberta;RS
Santo Ângelo;7;Catuípe;Roberta;RS
Santo Ângelo;7;Dezesseis de Novembro;Roberta;RS
Santo Ângelo;7;Entre-Ijuís;Roberta;RS
Santo Ângelo;7;Eugênio de Castro;Roberta;RS
Santo Ângelo;7;Giruá;Roberta;RS
Santo Ângelo;7;Pirapó;Roberta;RS
Santo Ângelo;7;Rolador;Roberta;RS
Santo Ângelo;7;Santo Ângelo;Roberta;RS
Santo Ângelo;7;Santo Antônio das Missões;Roberta;RS
Santo Ângelo;7;São Luiz Gonzaga;Roberta;RS
Santo Ângelo;7;São Miguel das Missões;Roberta;RS
Santo Ângelo;7;São Nicolau;Roberta;RS
Santo Ângelo;7;Senador Salgado Filho;Roberta;RS
Santo Ângelo;7;Ubiretama;Roberta;RS
Santo Ângelo;7;Vitória das Missões;Roberta;RS
Ijuí;8;Ajuricaba;Roberta;RS
Ijuí;8;Alegria;Roberta;RS
Ijuí;8;Augusto Pestana;Roberta;RS
Ijuí;8;Bozano;Roberta;RS
Ijuí;8;Chiapetta;Roberta;RS
Ijuí;8;Condor;Roberta;RS
Ijuí;8;Coronel Barros;Roberta;RS
Ijuí;8;Coronel Bicaco;Roberta;RS
Ijuí;8;Ijuí;Roberta;RS
Ijuí;8;Inhacorá;Roberta;RS
Ijuí;8;Nova Ramada;Roberta;RS
Ijuí;8;Panambi;Roberta;RS
Ijuí;8;Pejuçara;Roberta;RS
Ijuí;8;Santo Augusto;Roberta;RS
Ijuí;8;São Valério do Sul;Roberta;RS
Carazinho;9;Almirante Tamandaré do Sul;Roberta;RS
Carazinho;9;Barra Funda;Roberta;RS
Carazinho;9;Boa Vista das Missões;Roberta;RS
Carazinho;9;Carazinho;Roberta;RS
Carazinho;9;Cerro Grande;Roberta;RS
Carazinho;9;Chapada;Roberta;RS
Carazinho;9;Coqueiros do Sul;Roberta;RS
Carazinho;9;Jaboticaba;Roberta;RS
Carazinho;9;Lajeado do Bugre;Roberta;RS
Carazinho;9;Nova Boa Vista;Roberta;RS
Carazinho;9;Novo Barreiro;Roberta;RS
Carazinho;9;Palmeira das Missões;Roberta;RS
Carazinho;9;Pinhal;Roberta;RS
Carazinho;9;Sagrada Família;Roberta;RS
Carazinho;9;Santo Antônio do Planalto;Roberta;RS
Carazinho;9;São José das Missões;Roberta;RS
Carazinho;9;São Pedro das Missões;Roberta;RS
Carazinho;9;Sarandi;Roberta;RS
Passo Fundo;10;Água Santa;Roberta;RS
Passo Fundo;11;Camargo;Roberta;RS
Passo Fundo;12;Casca;Roberta;RS
Passo Fundo;13;Caseiros;Roberta;RS
Passo Fundo;14;Charrua;Roberta;RS
Passo Fundo;15;Ciríaco;Roberta;RS
Passo Fundo;16;Coxilha;Roberta;RS
Passo Fundo;17;David Canabarro;Roberta;RS
Passo Fundo;18;Ernestina;Roberta;RS
Passo Fundo;19;Gentil;Roberta;RS
Passo Fundo;20;Ibiraiaras;Roberta;RS
Passo Fundo;21;Marau;Roberta;RS
Passo Fundo;22;Mato Castelhano;Roberta;RS
Passo Fundo;23;Muliterno;Roberta;RS
Passo Fundo;24;Nicolau Vergueiro;Roberta;RS
Passo Fundo;25;Passo Fundo;Roberta;RS
Passo Fundo;26;Pontão;Roberta;RS
Passo Fundo;27;Ronda Alta;Roberta;RS
Passo Fundo;28;Santa Cecília do Sul;Roberta;RS
Passo Fundo;29;Santo Antônio do Palma;Roberta;RS
Passo Fundo;30;São Domingos do Sul;Roberta;RS
Passo Fundo;31;Sertão;Roberta;RS
Passo Fundo;32;Tapejara;Roberta;RS
Passo Fundo;33;Vanini;Roberta;RS
Passo Fundo;34;Vila Lângaro;Roberta;RS
Passo Fundo;35;Vila Maria;Roberta;RS
Cruz Alta;11;Alto Alegre;Roberta;RS
Cruz Alta;12;Boa Vista do Cadeado;Roberta;RS
Cruz Alta;13;Boa Vista do Incra;Roberta;RS
Cruz Alta;14;Campos Borges;Roberta;RS
Cruz Alta;15;Cruz Alta;Roberta;RS
Cruz Alta;16;Espumoso;Roberta;RS
Cruz Alta;17;Fortaleza dos Valos;Roberta;RS
Cruz Alta;18;Ibirubá;Roberta;RS
Cruz Alta;19;Jacuizinho;Roberta;RS
Cruz Alta;20;Jóia;Roberta;RS
Cruz Alta;21;Quinze de Novembro;Roberta;RS
Cruz Alta;22;Saldanha Marinho;Roberta;RS
Cruz Alta;23;Salto do Jacuí;Roberta;RS
Cruz Alta;24;Santa Bárbara do Sul;Roberta;RS
Não-Me-Toque;12;Colorado;Roberta;RS
Não-Me-Toque;13;Lagoa dos Três Cantos;Roberta;RS
Não-Me-Toque;14;Não-Me-Toque;Roberta;RS
Não-Me-Toque;15;Selbach;Roberta;RS
Não-Me-Toque;16;Tapera;Roberta;RS
Não-Me-Toque;17;Tio Hugo;Roberta;RS
Não-Me-Toque;18;Victor Graeff;Roberta;RS
Soledade;13;Barros Cassal;Roberta;RS
Soledade;14;Fontoura Xavier;Roberta;RS
Soledade;15;Ibirapuitã;Roberta;RS
Soledade;16;Lagoão;Roberta;RS
Soledade;17;Mormaço;Roberta;RS
Soledade;18;São José do Herval;Roberta;RS
Soledade;19;Soledade;Roberta;RS
Soledade;20;Tunas;Roberta;RS
Guaporé;14;André da Rocha;Alexandro;RS
Guaporé;15;Anta Gorda;Alexandro;RS
Guaporé;16;Arvorezinha;Alexandro;RS
Guaporé;17;Dois Lajeados;Alexandro;RS
Guaporé;18;Guabiju;Alexandro;RS
Guaporé;19;Guaporé;Alexandro;RS
Guaporé;20;Ilópolis;Alexandro;RS
Guaporé;21;Itapuca;Alexandro;RS
Guaporé;22;Montauri;Alexandro;RS
Guaporé;23;Nova Alvorada;Alexandro;RS
Guaporé;24;Nova Araçá;Alexandro;RS
Guaporé;25;Nova Bassano;Alexandro;RS
Guaporé;26;Nova Prata;Alexandro;RS
Guaporé;27;Paraí;Alexandro;RS
Guaporé;28;Protásio Alves;Alexandro;RS
Guaporé;29;Putinga;Alexandro;RS
Guaporé;30;São Jorge;Alexandro;RS
Guaporé;31;São Valentim do Sul;Alexandro;RS
Guaporé;32;Serafina Corrêa;Alexandro;RS
Guaporé;33;União da Serra;Alexandro;RS
Guaporé;34;Vista Alegre do Prata;Alexandro;RS
Vacaria;15;Bom Jesus;Alexandro;RS
Vacaria;16;Cambará do Sul;Alexandro;RS
Vacaria;17;Campestre da Serra;Alexandro;RS
Vacaria;18;Capão Bonito do Sul;Alexandro;RS
Vacaria;19;Esmeralda;Alexandro;RS
Vacaria;20;Ipê;Alexandro;RS
Vacaria;21;Jaquirana;Alexandro;RS
Vacaria;22;Lagoa Vermelha;Alexandro;RS
Vacaria;23;Monte Alegre dos Campos;Alexandro;RS
Vacaria;24;Muitos Capões;Alexandro;RS
Vacaria;25;Pinhal da Serra;Alexandro;RS
Vacaria;26;São Francisco de Paula;Alexandro;RS
Vacaria;27;São José dos Ausentes;Alexandro;RS
Vacaria;28;Vacaria;Alexandro;RS
Caxias do Sul;16;Antônio Prado;Alexandro;RS
Caxias do Sul;17;Bento Gonçalves;Alexandro;RS
Caxias do Sul;18;Boa Vista do Sul;Alexandro;RS
Caxias do Sul;19;Carlos Barbosa;Alexandro;RS
Caxias do Sul;20;Caxias do Sul;Alexandro;RS
Caxias do Sul;21;Coronel Pilar;Alexandro;RS
Caxias do Sul;22;Cotiporã;Alexandro;RS
Caxias do Sul;23;Fagundes Varela;Alexandro;RS
Caxias do Sul;24;Farroupilha;Alexandro;RS
Caxias do Sul;25;Flores da Cunha;Alexandro;RS
Caxias do Sul;26;Garibaldi;Alexandro;RS
Caxias do Sul;27;Monte Belo do Sul;Alexandro;RS
Caxias do Sul;28;Nova Pádua;Alexandro;RS
Caxias do Sul;29;Nova Roma do Sul;Alexandro;RS
Caxias do Sul;30;Pinto Bandeira;Alexandro;RS
Caxias do Sul;31;Santa Tereza;Alexandro;RS
Caxias do Sul;32;São Marcos;Alexandro;RS
Caxias do Sul;33;Veranópolis;Alexandro;RS
Caxias do Sul;34;Vila Flores;Alexandro;RS
Santiago;17;Capão do Cipó;Roberta;RS
Santiago;18;Itacurubi;Roberta;RS
Santiago;19;Jari;Roberta;RS
Santiago;20;Júlio de Castilhos;Roberta;RS
Santiago;21;Pinhal Grande;Roberta;RS
Santiago;22;Quevedos;Roberta;RS
Santiago;23;Santiago;Roberta;RS
Santiago;24;Tupanciretã;Roberta;RS
Santiago;25;Unistalda;Roberta;RS
Santa Maria;18;Cacequi;Roberta;RS
Santa Maria;19;Dilermando de Aguiar;Roberta;RS
Santa Maria;20;Itaara;Roberta;RS
Santa Maria;21;Jaguari;Roberta;RS
Santa Maria;22;Mata;Roberta;RS
Santa Maria;23;Nova Esperança do Sul;Roberta;RS
Santa Maria;24;Santa Maria;Roberta;RS
Santa Maria;25;São Martinho da Serra;Roberta;RS
Santa Maria;26;São Pedro do Sul;Roberta;RS
Santa Maria;27;São Sepé;Roberta;RS
Santa Maria;28;São Vicente do Sul;Roberta;RS
Santa Maria;29;Toropi;Roberta;RS
Santa Maria;30;Vila Nova do Sul;Roberta;RS
Restinga Seca;19;Agudo;Roberta;RS
Restinga Seca;20;Dona Francisca;Roberta;RS
Restinga Seca;21;Faxinal do Soturno;Roberta;RS
Restinga Seca;22;Formigueiro;Roberta;RS
Restinga Seca;23;Ivorá;Roberta;RS
Restinga Seca;24;Nova Palma;Roberta;RS
Restinga Seca;25;Restinga Seca;Roberta;RS
Restinga Seca;26;São João do Polêsine;Roberta;RS
Restinga Seca;27;Silveira Martins;Roberta;RS
Santa Cruz do Sul;20;Arroio do Tigre;Roberta;RS
Santa Cruz do Sul;21;Candelária;Roberta;RS
Santa Cruz do Sul;22;Estrela Velha;Roberta;RS
Santa Cruz do Sul;23;Gramado Xavier;Roberta;RS
Santa Cruz do Sul;24;Herveiras;Roberta;RS
Santa Cruz do Sul;25;Ibarama;Roberta;RS
Santa Cruz do Sul;26;Lagoa Bonita do Sul;Roberta;RS
Santa Cruz do Sul;27;Mato Leitão;Roberta;RS
Santa Cruz do Sul;28;Passa-Sete;Roberta;RS
Santa Cruz do Sul;29;Santa Cruz do Sul;Roberta;RS
Santa Cruz do Sul;30;Segredo;Roberta;RS
Santa Cruz do Sul;31;Sinimbu;Roberta;RS
Santa Cruz do Sul;32;Sobradinho;Roberta;RS
Santa Cruz do Sul;33;Vale do Sol;Roberta;RS
Santa Cruz do Sul;34;Venâncio Aires;Roberta;RS
Santa Cruz do Sul;35;Vera Cruz;Roberta;RS
Lajeado-Estrela;21;Arroio do Meio;Roberta;RS
Lajeado-Estrela;22;Bom Retiro do Sul;Roberta;RS
Lajeado-Estrela;23;Boqueirão do Leão;Roberta;RS
Lajeado-Estrela;24;Canudos do Vale;Roberta;RS
Lajeado-Estrela;25;Capitão;Roberta;RS
Lajeado-Estrela;26;Colinas;Roberta;RS
Lajeado-Estrela;27;Coqueiro Baixo;Roberta;RS
Lajeado-Estrela;28;Cruzeiro do Sul;Roberta;RS
Lajeado-Estrela;29;Doutor Ricardo;Roberta;RS
Lajeado-Estrela;30;Encantado;Roberta;RS
Lajeado-Estrela;31;Estrela;Roberta;RS
Lajeado-Estrela;32;Fazenda Vilanova;Roberta;RS
Lajeado-Estrela;33;Forquetinha;Roberta;RS
Lajeado-Estrela;34;Imigrante;Roberta;RS
Lajeado-Estrela;35;Lajeado;Roberta;RS
Lajeado-Estrela;36;Marques de Souza;Roberta;RS
Lajeado-Estrela;37;Muçum;Roberta;RS
Lajeado-Estrela;38;Nova Bréscia;Roberta;RS
Lajeado-Estrela;39;Paverama;Roberta;RS
Lajeado-Estrela;40;Pouso Novo;Roberta;RS
Lajeado-Estrela;41;Progresso;Roberta;RS
Lajeado-Estrela;42;Relvado;Roberta;RS
Lajeado-Estrela;43;Roca Sales;Roberta;RS
Lajeado-Estrela;44;Santa Clara do Sul;Roberta;RS
Lajeado-Estrela;45;Sério;Roberta;RS
Lajeado-Estrela;46;Tabaí;Roberta;RS
Lajeado-Estrela;47;Taquari;Roberta;RS
Lajeado-Estrela;48;Teutônia;Roberta;RS
Lajeado-Estrela;49;Travesseiro;Roberta;RS
Lajeado-Estrela;50;Vespasiano Corrêa;Roberta;RS
Lajeado-Estrela;51;Westfália;Roberta;RS
Cachoeira do Sul;22;Cachoeira do Sul;Roberta;RS
Cachoeira do Sul;23;Cerro Branco;Roberta;RS
Cachoeira do Sul;24;Novo Cabrais;Roberta;RS
Cachoeira do Sul;25;Pantano Grande;Roberta;RS
Cachoeira do Sul;26;Paraíso do Sul;Roberta;RS
Cachoeira do Sul;27;Passo do Sobrado;Roberta;RS
Cachoeira do Sul;28;Rio Pardo;Roberta;RS
Montenegro;23;Alto Feliz;Alexandro;RS
Montenegro;24;Barão;Alexandro;RS
Montenegro;25;Bom Princípio;Alexandro;RS
Montenegro;26;Brochier;Alexandro;RS
Montenegro;27;Capela de Santana;Alexandro;RS
Montenegro;28;Feliz;Alexandro;RS
Montenegro;29;Harmonia;Alexandro;RS
Montenegro;30;Linha Nova;Alexandro;RS
Montenegro;31;Maratá;Alexandro;RS
Montenegro;32;Montenegro;Alexandro;RS
Montenegro;33;Pareci Novo;Alexandro;RS
Montenegro;34;Poço das Antas;Alexandro;RS
Montenegro;35;Portão;Alexandro;RS
Montenegro;36;Salvador do Sul;Alexandro;RS
Montenegro;37;São José do Hortêncio;Alexandro;RS
Montenegro;38;São José do Sul;Alexandro;RS
Montenegro;39;São Pedro da Serra;Alexandro;RS
Montenegro;40;São Sebastião do Caí;Alexandro;RS
Montenegro;41;São Vendelino;Alexandro;RS
Montenegro;42;Tupandi;Alexandro;RS
Montenegro;43;Vale Real;Alexandro;RS
Gramado-Canela;24;Canela;Alexandro;RS
Gramado-Canela;25;Dois Irmãos;Alexandro;RS
Gramado-Canela;26;Gramado;Alexandro;RS
Gramado-Canela;27;Igrejinha;Alexandro;RS
Gramado-Canela;28;Ivoti;Alexandro;RS
Gramado-Canela;29;Lindolfo Collor;Alexandro;RS
Gramado-Canela;30;Morro Reuter;Alexandro;RS
Gramado-Canela;31;Nova Petrópolis;Alexandro;RS
Gramado-Canela;32;Picada Café;Alexandro;RS
Gramado-Canela;33;Presidente Lucena;Alexandro;RS
Gramado-Canela;34;Riozinho;Alexandro;RS
Gramado-Canela;35;Rolante;Alexandro;RS
Gramado-Canela;36;Santa Maria do Herval;Alexandro;RS
Gramado-Canela;37;Taquara;Alexandro;RS
Gramado-Canela;38;Três Coroas;Alexandro;RS
São Jerônimo;25;Arroio dos Ratos;Alexandro;RS
São Jerônimo;26;Barão do Triunfo;Alexandro;RS
São Jerônimo;27;Butiá;Alexandro;RS
São Jerônimo;28;Charqueadas;Alexandro;RS
São Jerônimo;29;General Câmara;Alexandro;RS
São Jerônimo;30;Minas do Leão;Alexandro;RS
São Jerônimo;31;São Jerônimo;Alexandro;RS
São Jerônimo;32;Triunfo;Alexandro;RS
São Jerônimo;33;Vale Verde;Alexandro;RS
Porto Alegre;26;Alvorada;Alexandro;RS
Porto Alegre;27;Araricá;Alexandro;RS
Porto Alegre;28;Cachoeirinha;Alexandro;RS
Porto Alegre;29;Campo Bom;Alexandro;RS
Porto Alegre;30;Canoas;Alexandro;RS
Porto Alegre;31;Eldorado do Sul;Alexandro;RS
Porto Alegre;32;Estância Velha;Alexandro;RS
Porto Alegre;33;Esteio;Alexandro;RS
Porto Alegre;34;Glorinha;Alexandro;RS
Porto Alegre;35;Gravataí;Alexandro;RS
Porto Alegre;36;Guaíba;Alexandro;RS
Porto Alegre;37;Mariana Pimentel;Alexandro;RS
Porto Alegre;38;Nova Hartz;Alexandro;RS
Porto Alegre;39;Nova Santa Rita;Alexandro;RS
Porto Alegre;40;Novo Hamburgo;Alexandro;RS
Porto Alegre;41;Parobé;Alexandro;RS
Porto Alegre;42;Porto Alegre;Alexandro;RS
Porto Alegre;43;São Leopoldo;Alexandro;RS
Porto Alegre;44;Sapiranga;Alexandro;RS
Porto Alegre;45;Sapucaia do Sul;Alexandro;RS
Porto Alegre;46;Sertão Santana;Alexandro;RS
Porto Alegre;47;Viamão;Alexandro;RS
Osório;27;Arroio do Sal;Alexandro;RS
Osório;28;Balneário Pinhal;Alexandro;RS
Osório;29;Capão da Canoa;Alexandro;RS
Osório;30;Capivari do Sul;Alexandro;RS
Osório;31;Caraá;Alexandro;RS
Osório;32;Cidreira;Alexandro;RS
Osório;33;Dom Pedro de Alcântara;Alexandro;RS
Osório;34;Imbé;Alexandro;RS
Osório;35;Itati;Alexandro;RS
Osório;36;Mampituba;Alexandro;RS
Osório;37;Maquiné;Alexandro;RS
Osório;38;Morrinhos do Sul;Alexandro;RS
Osório;39;Mostardas;Alexandro;RS
Osório;40;Osório;Alexandro;RS
Osório;41;Palmares do Sul;Alexandro;RS
Osório;42;Santo Antônio da Patrulha;Alexandro;RS
Osório;43;Tavares;Alexandro;RS
Osório;44;Terra de Areia;Alexandro;RS
Osório;45;Torres;Alexandro;RS
Osório;46;Tramandaí;Alexandro;RS
Osório;47;Três Cachoeiras;Alexandro;RS
Osório;48;Três Forquilhas;Alexandro;RS
Osório;49;Xangri-lá;Alexandro;RS
Camaquã;28;Arambaré;Alexandro;RS
Camaquã;29;Barra do Ribeiro;Alexandro;RS
Camaquã;30;Camaquã;Alexandro;RS
Camaquã;31;Cerro Grande do Sul;Alexandro;RS
Camaquã;32;Chuvisca;Alexandro;RS
Camaquã;33;Dom Feliciano;Alexandro;RS
Camaquã;34;Sentinela do Sul;Alexandro;RS
Camaquã;35;Tapes;Alexandro;RS
Campanha Ocidental;29;Alegrete;Roberta;RS
Campanha Ocidental;30;Barra do Quaraí;Roberta;RS
Campanha Ocidental;31;Garruchos;Roberta;RS
Campanha Ocidental;32;Itaqui;Roberta;RS
Campanha Ocidental;33;Maçambará;Roberta;RS
Campanha Ocidental;34;Manoel Viana;Roberta;RS
Campanha Ocidental;35;Quaraí;Roberta;RS
Campanha Ocidental;36;São Borja;Roberta;RS
Campanha Ocidental;37;São Francisco de Assis;Roberta;RS
Campanha Ocidental;38;Uruguaiana;Roberta;RS
Campanha Central;30;Rosário do Sul;Roberta;RS
Campanha Central;31;Rosário do Sul;Roberta;RS
Campanha Central;32;Rosário do Sul;Roberta;RS
Campanha Central;33;Rosário do Sul;Roberta;RS
Campanha Central;34;Santa Margarida do Sul;Roberta;RS
Campanha Central;35;Sant'Ana do Livramento;Roberta;RS
Campanha Central;36;São Gabriel;Roberta;RS
Campanha Meridional;31;Aceguá;Roberta;RS
Campanha Meridional;32;Aceguá;Roberta;RS
Campanha Meridional;33;Aceguá;Roberta;RS
Campanha Meridional;34;Bagé;Roberta;RS
Campanha Meridional;35;Dom Pedrito;Roberta;RS
Campanha Meridional;36;Hulha Negra;Roberta;RS
Campanha Meridional;37;Lavras do Sul;Roberta;RS
Serras de Sudeste;32;Amaral Ferrador;Alexandro;RS
Serras de Sudeste;33;Caçapava do Sul;Alexandro;RS
Serras de Sudeste;34;Candiota;Alexandro;RS
Serras de Sudeste;35;Encruzilhada do Sul;Alexandro;RS
Serras de Sudeste;36;Pinheiro Machado;Alexandro;RS
Serras de Sudeste;37;Piratini;Alexandro;RS
Serras de Sudeste;38;Santana da Boa Vista;Alexandro;RS
Pelotas;33;Arroio do Padre;Alexandro;RS
Pelotas;34;Canguçu;Alexandro;RS
Pelotas;35;Capão do Leão;Alexandro;RS
Pelotas;36;Cerrito;Alexandro;RS
Pelotas;37;Cristal;Alexandro;RS
Pelotas;38;Morro Redondo;Alexandro;RS
Pelotas;39;Pedro Osório;Alexandro;RS
Pelotas;40;Pelotas;Alexandro;RS
Pelotas;41;São Lourenço do Sul;Alexandro;RS
Pelotas;42;Turuçu;Alexandro;RS
Jaguarão;34;Arroio Grande;Alexandro;RS
Jaguarão;35;Arroio Grande;Alexandro;RS
Jaguarão;36;Arroio Grande;Alexandro;RS
Jaguarão;37;Arroio Grande;Alexandro;RS
Jaguarão;38;Herval;Alexandro;RS
Jaguarão;39;Jaguarão;Alexandro;RS
Jaguarão;40;Pedras Altas;Alexandro;RS
Litoral Lagunar;35;Chuí;Alexandro;RS
Litoral Lagunar;36;Chuí;Alexandro;RS
Litoral Lagunar;37;Chuí;Alexandro;RS
Litoral Lagunar;38;Chuí;Alexandro;RS
Litoral Lagunar;39;Rio Grande;Alexandro;RS
Litoral Lagunar;40;Santa Vitória do Palmar;Alexandro;RS
Litoral Lagunar;41;São José do Norte;Alexandro;RS
Santa Rosa;1;-;Roberta;RS
Três Passos;2;-;Roberta;RS
Frederico Westphalen;3;-;Roberta;RS
Erechim;4;-;Roberta;RS
Sananduva;5;-;Roberta;RS
Cerro Largo;6;-;Roberta;RS
Santo Ângelo;7;-;Roberta;RS
Ijuí;8;-;Roberta;RS
Carazinho;9;-;Roberta;RS
Passo Fundo;10;-;Roberta;RS
Cruz Alta;11;-;Roberta;RS
Não-Me-Toque;12;-;Roberta;RS
Soledade;13;-;Roberta;RS
Guaporé;14;-;Alexandro;RS
Vacaria;15;-;Alexandro;RS
Caxias do Sul;16;-;Alexandro;RS
Santiago;17;-;Roberta;RS
Santa Maria;18;-;Roberta;RS
Restinga Seca;19;-;Roberta;RS
Santa Cruz do Sul;20;-;Roberta;RS
Lajeado-Estrela;21;-;Roberta;RS
Cachoeira do Sul;22;-;Roberta;RS
Montenegro;23;-;Alexandro;RS
Gramado-Canela;24;-;Alexandro;RS
São Jerônimo;25;-;Alexandro;RS
Porto Alegre;26;-;Alexandro;RS
Osório;27;-;Alexandro;RS
Camaquã;28;-;Alexandro;RS
Campanha Ocidental;29;-;Roberta;RS
Campanha Central;30;-;Roberta;RS
Campanha Meridional;31;-;Roberta;RS
Serras de Sudeste;32;-;Alexandro;RS
Pelotas;33;-;Alexandro;RS
Jaguarão;34;-;Alexandro;RS
Litoral Lagunar;35;-;Alexandro;RS
São Miguel do Oeste;1;Anchieta;Roberta Anza;SC
São Miguel do Oeste;2;Bandeirante;Roberta Anza;SC
São Miguel do Oeste;3;Barra Bonita;Roberta Anza;SC
São Miguel do Oeste;4;Belmonte;Roberta Anza;SC
São Miguel do Oeste;5;Descanso;Roberta Anza;SC
São Miguel do Oeste;6;Dionísio Cerqueira;Roberta Anza;SC
São Miguel do Oeste;7;Guaraciaba;Roberta Anza;SC
São Miguel do Oeste;8;Guarujá do Sul;Roberta Anza;SC
São Miguel do Oeste;9;Iporã do Oeste;Roberta Anza;SC
São Miguel do Oeste;10;Itapiranga;Roberta Anza;SC
São Miguel do Oeste;11;Mondaí;Roberta Anza;SC
São Miguel do Oeste;12;Palma Sola;Roberta Anza;SC
São Miguel do Oeste;13;Paraíso;Roberta Anza;SC
São Miguel do Oeste;14;Princesa;Roberta Anza;SC
São Miguel do Oeste;15;Riqueza;Roberta Anza;SC
São Miguel do Oeste;16;Romelândia;Roberta Anza;SC
São Miguel do Oeste;17;Santa Helena;Roberta Anza;SC
São Miguel do Oeste;18;São João do Oeste;Roberta Anza;SC
São Miguel do Oeste;19;São José do Cedro;Roberta Anza;SC
São Miguel do Oeste;20;São Miguel do Oeste;Roberta Anza;SC
São Miguel do Oeste;21;Tunápolis;Roberta Anza;SC
Chapecó;2;Águas de Chapecó;Roberta Anza;SC
Chapecó;3;Águas Frias;Roberta Anza;SC
Chapecó;4;Bom Jesus do Oeste;Roberta Anza;SC
Chapecó;5;Caibi;Roberta Anza;SC
Chapecó;6;Campo Erê;Roberta Anza;SC
Chapecó;7;Caxambu do Sul;Roberta Anza;SC
Chapecó;8;Chapecó;Roberta Anza;SC
Chapecó;9;Cordilheira Alta;Roberta Anza;SC
Chapecó;10;Coronel Freitas;Roberta Anza;SC
Chapecó;11;Cunha Porã;Roberta Anza;SC
Chapecó;12;Cunhataí;Roberta Anza;SC
Chapecó;13;Flor do Sertão;Roberta Anza;SC
Chapecó;14;Formosa do Sul;Roberta Anza;SC
Chapecó;15;Guatambu;Roberta Anza;SC
Chapecó;16;Iraceminha;Roberta Anza;SC
Chapecó;17;Irati;Roberta Anza;SC
Chapecó;18;Jardinópolis;Roberta Anza;SC
Chapecó;19;Maravilha;Roberta Anza;SC
Chapecó;20;Modelo;Roberta Anza;SC
Chapecó;21;Nova Erechim;Roberta Anza;SC
Chapecó;22;Nova Itaberaba;Roberta Anza;SC
Chapecó;23;Novo Horizonte;Roberta Anza;SC
Chapecó;24;Palmitos;Roberta Anza;SC
Chapecó;25;Pinhalzinho;Roberta Anza;SC
Chapecó;26;Planalto Alegre;Roberta Anza;SC
Chapecó;27;Quilombo;Roberta Anza;SC
Chapecó;28;Saltinho;Roberta Anza;SC
Chapecó;29;Santa Terezinha do Progresso;Roberta Anza;SC
Chapecó;30;Santiago do Sul;Roberta Anza;SC
Chapecó;31;São Bernardino;Roberta Anza;SC
Chapecó;32;São Carlos;Roberta Anza;SC
Chapecó;33;São Lourenço do Oeste;Roberta Anza;SC
Chapecó;34;São Miguel da Boa Vista;Roberta Anza;SC
Chapecó;35;Saudades;Roberta Anza;SC
Chapecó;36;Serra Alta;Roberta Anza;SC
Chapecó;37;Sul Brasil;Roberta Anza;SC
Chapecó;38;Tigrinhos;Roberta Anza;SC
Chapecó;39;União do Oeste;Roberta Anza;SC
Xanxerê;3;Abelardo Luz;Roberta Anza;SC
Xanxerê;4;Bom Jesus;Roberta Anza;SC
Xanxerê;5;Coronel Martins;Roberta Anza;SC
Xanxerê;6;Entre Rios;Roberta Anza;SC
Xanxerê;7;Faxinal dos Guedes;Roberta Anza;SC
Xanxerê;8;Galvão;Roberta Anza;SC
Xanxerê;9;Ipuaçu;Roberta Anza;SC
Xanxerê;10;Jupiá;Roberta Anza;SC
Xanxerê;11;Lajeado Grande;Roberta Anza;SC
Xanxerê;12;Marema;Roberta Anza;SC
Xanxerê;13;Ouro Verde;Roberta Anza;SC
Xanxerê;14;Passos Maia;Roberta Anza;SC
Xanxerê;15;Ponte Serrada;Roberta Anza;SC
Xanxerê;16;São Domingos;Roberta Anza;SC
Xanxerê;17;Vargeão;Roberta Anza;SC
Xanxerê;18;Xanxerê;Roberta Anza;SC
Xanxerê;19;Xaxim;Roberta Anza;SC
Concórdia;5;Alto Bela Vista;Roberta Anza;SC
Concórdia;6;Arabutã;Roberta Anza;SC
Concórdia;7;Arvoredo;Roberta Anza;SC
Concórdia;8;Concórdia;Roberta Anza;SC
Concórdia;9;Ipira;Roberta Anza;SC
Concórdia;10;Ipumirim;Roberta Anza;SC
Concórdia;11;Irani;Roberta Anza;SC
Concórdia;12;Itá;Roberta Anza;SC
Concórdia;13;Lindóia do Sul;Roberta Anza;SC
Concórdia;14;Paial;Roberta Anza;SC
Concórdia;15;Peritiba;Roberta Anza;SC
Concórdia;16;Piratuba;Roberta Anza;SC
Concórdia;17;Presidente Castello Branco;Roberta Anza;SC
Concórdia;18;Seara;Roberta Anza;SC
Concórdia;19;Xavantina;Roberta Anza;SC
Joaçaba;4;Água Doce;Carlos Longo;SC
Joaçaba;5;Arroio Trinta;Carlos Longo;SC
Joaçaba;6;Caçador;Carlos Longo;SC
Joaçaba;7;Calmon;Carlos Longo;SC
Joaçaba;8;Capinzal;Carlos Longo;SC
Joaçaba;9;Catanduvas;Carlos Longo;SC
Joaçaba;10;Erval Velho;Carlos Longo;SC
Joaçaba;11;Fraiburgo;Carlos Longo;SC
Joaçaba;12;Herval d'Oeste;Carlos Longo;SC
Joaçaba;13;Ibiam;Carlos Longo;SC
Joaçaba;14;Ibicaré;Carlos Longo;SC
Joaçaba;15;Iomerê;Carlos Longo;SC
Joaçaba;16;Jaborá;Carlos Longo;SC
Joaçaba;17;Joaçaba;Carlos Longo;SC
Joaçaba;18;Lacerdópolis;Carlos Longo;SC
Joaçaba;19;Lebon Régis;Carlos Longo;SC
Joaçaba;20;Luzerna;Carlos Longo;SC
Joaçaba;21;Macieira;Carlos Longo;SC
Joaçaba;22;Matos Costa;Carlos Longo;SC
Joaçaba;23;Ouro;Carlos Longo;SC
Joaçaba;24;Pinheiro Preto;Carlos Longo;SC
Joaçaba;25;Rio das Antas;Carlos Longo;SC
Joaçaba;26;Salto Veloso;Carlos Longo;SC
Joaçaba;27;Tangará;Carlos Longo;SC
Joaçaba;28;Treze Tílias;Carlos Longo;SC
Joaçaba;29;Vargem Bonita;Carlos Longo;SC
Joaçaba;30;Videira;Carlos Longo;SC
Canoinhas;6;Bela Vista do Toldo;Carlos Longo;SC
Canoinhas;7;Canoinhas;Carlos Longo;SC
Canoinhas;8;Irineópolis;Carlos Longo;SC
Canoinhas;9;Itaiópolis;Carlos Longo;SC
Canoinhas;10;Mafra;Carlos Longo;SC
Canoinhas;11;Major Vieira;Carlos Longo;SC
Canoinhas;12;Monte Castelo;Carlos Longo;SC
Canoinhas;13;Papanduva;Carlos Longo;SC
Canoinhas;14;Porto União;Carlos Longo;SC
Canoinhas;15;Santa Terezinha;Carlos Longo;SC
Canoinhas;16;Timbó Grande;Carlos Longo;SC
Canoinhas;17;Três Barras;Carlos Longo;SC
São Bento do Sul;7;Campo Alegre;Carlos Longo;SC
São Bento do Sul;8;;Carlos Longo;SC
São Bento do Sul;9;Rio Negrinho;Carlos Longo;SC
São Bento do Sul;10;São Bento do Sul;Carlos Longo;SC
Joinville;8;Araquari;Carlos Longo;SC
Joinville;9;Balneário Barra do Sul;Carlos Longo;SC
Joinville;10;Corupá;Carlos Longo;SC
Joinville;11;Garuva;Carlos Longo;SC
Joinville;12;Guaramirim;Carlos Longo;SC
Joinville;13;Itapoá;Carlos Longo;SC
Joinville;14;Jaraguá do Sul;Carlos Longo;SC
Joinville;15;Joinville;Carlos Longo;SC
Joinville;16;Massaranduba;Carlos Longo;SC
Joinville;17;São Francisco do Sul;Carlos Longo;SC
Joinville;18;Schroeder;Carlos Longo;SC
Curitibanos;9;Abdon Batista;Carlos Longo;SC
Curitibanos;10;Brunópolis;Carlos Longo;SC
Curitibanos;11;Campos Novos;Carlos Longo;SC
Curitibanos;12;Curitibanos;Carlos Longo;SC
Curitibanos;13;Frei Rogério;Carlos Longo;SC
Curitibanos;14;Monte Carlo;Carlos Longo;SC
Curitibanos;15;Ponte Alta;Carlos Longo;SC
Curitibanos;16;Ponte Alta do Norte;Carlos Longo;SC
Curitibanos;17;Santa Cecília;Carlos Longo;SC
Curitibanos;18;São Cristóvão do Sul;Carlos Longo;SC
Curitibanos;19;Vargem;Carlos Longo;SC
Curitibanos;20;Zortéa;Carlos Longo;SC
Campos de Lages;10;Anita Garibaldi;Carlos Longo;SC
Campos de Lages;11;Bocaina do Sul;Carlos Longo;SC
Campos de Lages;12;Bom Jardim da Serra;Carlos Longo;SC
Campos de Lages;13;Bom Retiro;Carlos Longo;SC
Campos de Lages;14;Campo Belo do Sul;Carlos Longo;SC
Campos de Lages;15;Capão Alto;Carlos Longo;SC
Campos de Lages;16;Celso Ramos;Carlos Longo;SC
Campos de Lages;17;Cerro Negro;Carlos Longo;SC
Campos de Lages;18;Correia Pinto;Carlos Longo;SC
Campos de Lages;19;Lages;Carlos Longo;SC
Campos de Lages;20;Otacílio Costa;Carlos Longo;SC
Campos de Lages;21;Painel;Carlos Longo;SC
Campos de Lages;22;Palmeira;Carlos Longo;SC
Campos de Lages;23;Rio Rufino;Carlos Longo;SC
Campos de Lages;24;São Joaquim;Carlos Longo;SC
Campos de Lages;25;São José do Cerrito;Carlos Longo;SC
Campos de Lages;26;Urubici;Carlos Longo;SC
Campos de Lages;27;Urupema;Carlos Longo;SC
Rio do Sul;11;Agronômica;Carlos Longo;SC
Rio do Sul;12;Aurora;Carlos Longo;SC
Rio do Sul;13;Braço do Trombudo;Carlos Longo;SC
Rio do Sul;14;Dona Emma;Carlos Longo;SC
Rio do Sul;15;Ibirama;Carlos Longo;SC
Rio do Sul;16;José Boiteux;Carlos Longo;SC
Rio do Sul;17;Laurentino;Carlos Longo;SC
Rio do Sul;18;Lontras;Carlos Longo;SC
Rio do Sul;19;Mirim Doce;Carlos Longo;SC
Rio do Sul;20;Pouso Redondo;Carlos Longo;SC
Rio do Sul;21;Presidente Getúlio;Carlos Longo;SC
Rio do Sul;22;Presidente Nereu;Carlos Longo;SC
Rio do Sul;23;Rio do Campo;Carlos Longo;SC
Rio do Sul;24;Rio do Oeste;Carlos Longo;SC
Rio do Sul;25;Rio do Sul;Carlos Longo;SC
Rio do Sul;26;Salete;Carlos Longo;SC
Rio do Sul;27;Taió;Carlos Longo;SC
Rio do Sul;28;Trombudo Central;Carlos Longo;SC
Rio do Sul;29;Vitor Meireles;Carlos Longo;SC
Rio do Sul;30;Witmarsum;Carlos Longo;SC
Blumenau;12;Apiúna;Carlos Longo;SC
Blumenau;13;Ascurra;Carlos Longo;SC
Blumenau;14;Benedito Novo;Carlos Longo;SC
Blumenau;15;Blumenau;Carlos Longo;SC
Blumenau;16;Botuverá;Carlos Longo;SC
Blumenau;17;Brusque;Carlos Longo;SC
Blumenau;18;Doutor Pedrinho;Carlos Longo;SC
Blumenau;19;Gaspar;Carlos Longo;SC
Blumenau;20;Guabiruba;Carlos Longo;SC
Blumenau;21;Indaial;Carlos Longo;SC
Blumenau;22;Luiz Alves;Carlos Longo;SC
Blumenau;23;Pomerode;Carlos Longo;SC
Blumenau;24;Rio dos Cedros;Carlos Longo;SC
Blumenau;25;Rodeio;Carlos Longo;SC
Blumenau;26;Timbó;Carlos Longo;SC
Itajaí;13;Balneário Camboriú;Carlos Longo;SC
Itajaí;14;Balneário Piçarras;Carlos Longo;SC
Itajaí;15;Barra Velha;Carlos Longo;SC
Itajaí;16;Bombinhas;Carlos Longo;SC
Itajaí;17;Camboriú;Carlos Longo;SC
Itajaí;18;Ilhota;Carlos Longo;SC
Itajaí;19;Itajaí;Carlos Longo;SC
Itajaí;20;Itapema;Carlos Longo;SC
Itajaí;21;Navegantes;Carlos Longo;SC
Itajaí;22;Penha;Carlos Longo;SC
Itajaí;23;Porto Belo;Carlos Longo;SC
Itajaí;24;São João do Itaperiú;Carlos Longo;SC
Ituporanga;14;Agrolândia;Carlos Longo;SC
Ituporanga;15;Atalanta;Carlos Longo;SC
Ituporanga;16;Chapadão do Lageado;Carlos Longo;SC
Ituporanga;17;Imbuia;Carlos Longo;SC
Ituporanga;18;Ituporanga;Carlos Longo;SC
Ituporanga;19;Petrolândia;Carlos Longo;SC
Ituporanga;20;Vidal Ramos;Carlos Longo;SC
Tijucas;15;Angelina;Carlos Longo;SC
Tijucas;16;Canelinha;Carlos Longo;SC
Tijucas;17;Leoberto Leal;Carlos Longo;SC
Tijucas;18;Major Gercino;Carlos Longo;SC
Tijucas;19;Nova Trento;Carlos Longo;SC
Tijucas;20;São João Batista;Carlos Longo;SC
Tijucas;21;Tijucas;Carlos Longo;SC
Florianópolis;16;Antônio Carlos;Carlos Longo;SC
Florianópolis;17;Biguaçu;Carlos Longo;SC
Florianópolis;18;Florianópolis;Carlos Longo;SC
Florianópolis;19;Governador Celso Ramos;Carlos Longo;SC
Florianópolis;20;Palhoça;Carlos Longo;SC
Florianópolis;21;Paulo Lopes;Carlos Longo;SC
Florianópolis;22;Santo Amaro da Imperatriz;Carlos Longo;SC
Florianópolis;23;São José;Carlos Longo;SC
Florianópolis;24;São Pedro de Alcântara;Carlos Longo;SC
Tabuleiro;17;Águas Mornas;Carlos Longo;SC
Tabuleiro;18;Alfredo Wagner;Carlos Longo;SC
Tabuleiro;19;Anitápolis;Carlos Longo;SC
Tabuleiro;20;Rancho Queimado;Carlos Longo;SC
Tabuleiro;21;São Bonifácio;Carlos Longo;SC
Tubarão;18;Armazém;Carlos Longo;SC
Tubarão;19;Braço do Norte;Carlos Longo;SC
Tubarão;20;Capivari de Baixo;Carlos Longo;SC
Tubarão;21;Garopaba;Carlos Longo;SC
Tubarão;22;Grão-Pará;Carlos Longo;SC
Tubarão;23;Gravatal;Carlos Longo;SC
Tubarão;24;Imaruí;Carlos Longo;SC
Tubarão;25;Imbituba;Carlos Longo;SC
Tubarão;26;Jaguaruna;Carlos Longo;SC
Tubarão;27;Laguna;Carlos Longo;SC
Tubarão;28;Orleans;Carlos Longo;SC
Tubarão;29;Pedras Grandes;Carlos Longo;SC
Tubarão;30;Pescaria Brava;Carlos Longo;SC
Tubarão;31;Rio Fortuna;Carlos Longo;SC
Tubarão;32;Sangão;Carlos Longo;SC
Tubarão;33;Santa Rosa de Lima;Carlos Longo;SC
Tubarão;34;São Ludgero;Carlos Longo;SC
Tubarão;35;São Martinho;Carlos Longo;SC
Tubarão;36;Treze de Maio;Carlos Longo;SC
Tubarão;37;Tubarão;Carlos Longo;SC
Criciúma;19;Balneário Rincão;Carlos Longo;SC
Criciúma;20;Cocal do Sul;Carlos Longo;SC
Criciúma;21;Criciúma;Carlos Longo;SC
Criciúma;22;Forquilhinha;Carlos Longo;SC
Criciúma;23;Içara;Carlos Longo;SC
Criciúma;24;Lauro Müller;Carlos Longo;SC
Criciúma;25;Morro da Fumaça;Carlos Longo;SC
Criciúma;26;Nova Veneza;Carlos Longo;SC
Criciúma;27;Siderópolis;Carlos Longo;SC
Criciúma;28;Treviso;Carlos Longo;SC
Criciúma;29;Urussanga;Carlos Longo;SC
Araranguá;20;Araranguá;Carlos Longo;SC
Araranguá;21;Balneário Arroio do Silva;Carlos Longo;SC
Araranguá;22;Balneário Gaivota;Carlos Longo;SC
Araranguá;23;Ermo;Carlos Longo;SC
Araranguá;24;Jacinto Machado;Carlos Longo;SC
Araranguá;25;Maracajá;Carlos Longo;SC
Araranguá;26;Meleiro;Carlos Longo;SC
Araranguá;27;Morro Grande;Carlos Longo;SC
Araranguá;28;Passo de Torres;Carlos Longo;SC
Araranguá;29;Praia Grande;Carlos Longo;SC
Araranguá;30;Santa Rosa do Sul;Carlos Longo;SC
Araranguá;31;São João do Sul;Carlos Longo;SC
Araranguá;32;Sombrio;Carlos Longo;SC
Araranguá;33;Timbé do Sul;Carlos Longo;SC
Araranguá;34;Turvo;Carlos Longo;SC
-;-;Alto Paraná;André Vagetti;PR
-;-;Amaporã;André Vagetti;PR
-;-;Cruzeiro do Sul;André Vagetti;PR
-;-;Diamante do Norte;André Vagetti;PR
-;-;Guairaçá;André Vagetti;PR
-;-;Inajá;André Vagetti;PR
-;-;Itaúna do Sul;André Vagetti;PR
-;-;Jardim Olinda;André Vagetti;PR
-;-;Loanda;André Vagetti;PR
-;-;Marilena;André Vagetti;PR
-;-;Mirador;André Vagetti;PR
-;-;Nova Aliança do Ivaí;André Vagetti;PR
-;-;Nova Londrina;André Vagetti;PR
-;-;Paraíso do Norte;André Vagetti;PR
-;-;Paranacity;André Vagetti;PR
-;-;Paranapoema;André Vagetti;PR
-;-;Paranavaí;André Vagetti;PR
-;-;Planaltina do Paraná;André Vagetti;PR
-;-;Porto Rico;André Vagetti;PR
-;-;Querência do Norte;André Vagetti;PR
-;-;Santa Cruz de Monte Castelo;André Vagetti;PR
-;-;Santa Isabel do Ivaí;André Vagetti;PR
-;-;Santa Mônica;André Vagetti;PR
-;-;Santo Antônio do Caiuá;André Vagetti;PR
-;-;São Carlos do Ivaí;André Vagetti;PR
-;-;São João do Caiuá;André Vagetti;PR
-;-;São Pedro do Paraná;André Vagetti;PR
-;-;Tamboara;André Vagetti;PR
-;-;Terra Rica;André Vagetti;PR
-;-;Alto Paraíso;André Vagetti;PR
-;-;Alto Piquiri;André Vagetti;PR
-;-;Altônia;André Vagetti;PR
-;-;Brasilândia do Sul;André Vagetti;PR
-;-;Cafezal do Sul;André Vagetti;PR
-;-;Cruzeiro do Oeste;André Vagetti;PR
-;-;Douradina;André Vagetti;PR
-;-;Esperança Nova;André Vagetti;PR
-;-;Francisco Alves;André Vagetti;PR
-;-;Icaraíma;André Vagetti;PR
-;-;Iporã;André Vagetti;PR
-;-;Ivaté;André Vagetti;PR
-;-;Maria Helena;André Vagetti;PR
-;-;Mariluz;André Vagetti;PR
-;-;Nova Olímpia;André Vagetti;PR
-;-;Perobal;André Vagetti;PR
-;-;Pérola;André Vagetti;PR
-;-;São Jorge do Patrocínio;André Vagetti;PR
-;-;Tapira;André Vagetti;PR
-;-;Umuarama;André Vagetti;PR
-;-;Xambrê;André Vagetti;PR
-;-;Cianorte;André Vagetti;PR
-;-;Cidade Gaúcha;André Vagetti;PR
-;-;Guaporema;André Vagetti;PR
-;-;Indianópolis;André Vagetti;PR
-;-;Japurá;André Vagetti;PR
-;-;Jussara;André Vagetti;PR
-;-;Rondon;André Vagetti;PR
-;-;São Manoel do Paraná;André Vagetti;PR
-;-;São Tomé;André Vagetti;PR
-;-;Tapejara;André Vagetti;PR
-;-;Tuneiras do Oeste;André Vagetti;PR
-;-;Altamira do Paraná;André Vagetti;PR
-;-;Boa Esperança;André Vagetti;PR
-;-;Campina da Lagoa;André Vagetti;PR
-;-;Goioerê;André Vagetti;PR
-;-;Janiópolis;André Vagetti;PR
-;-;Juranda;André Vagetti;PR
-;-;Moreira Sales;André Vagetti;PR
-;-;Nova Cantu;André Vagetti;PR
-;-;Quarto Centenário;André Vagetti;PR
-;-;Rancho Alegre d'Oeste;André Vagetti;PR
-;-;Ubiratã;André Vagetti;PR
-;-;Araruna;André Vagetti;PR
-;-;Barbosa Ferraz;André Vagetti;PR
-;-;Campo Mourão;André Vagetti;PR
-;-;Corumbataí do Sul;André Vagetti;PR
-;-;Engenheiro Beltrão;André Vagetti;PR
-;-;Farol;André Vagetti;PR
-;-;Fênix;André Vagetti;PR
-;-;Iretama;André Vagetti;PR
-;-;Luiziana;André Vagetti;PR
-;-;Mamborê;André Vagetti;PR
-;-;Peabiru;André Vagetti;PR
-;-;Quinta do Sol;André Vagetti;PR
-;-;Roncador;André Vagetti;PR
-;-;Terra Boa;André Vagetti;PR
-;-;Ângulo;André Vagetti;PR
-;-;Astorga;André Vagetti;PR
-;-;Atalaia;André Vagetti;PR
-;-;Cafeara;André Vagetti;PR
-;-;Centenário do Sul;André Vagetti;PR
-;-;Colorado;André Vagetti;PR
-;-;Flórida;André Vagetti;PR
-;-;Guaraci;André Vagetti;PR
-;-;Iguaraçu;André Vagetti;PR
-;-;Itaguajé;André Vagetti;PR
-;-;Jaguapitã;André Vagetti;PR
-;-;Lobato;André Vagetti;PR
-;-;Lupionópolis;André Vagetti;PR
-;-;Mandaguaçu;André Vagetti;PR
-;-;Munhoz de Mello;André Vagetti;PR
-;-;Nossa Senhora das Graças;André Vagetti;PR
-;-;Nova Esperança;André Vagetti;PR
-;-;Presidente Castelo Branco;André Vagetti;PR
-;-;Santa Fé;André Vagetti;PR
-;-;Santa Inês;André Vagetti;PR
-;-;Santo Inácio;André Vagetti;PR
-;-;Uniflor;André Vagetti;PR
-;-;Alvorada do Sul;André Vagetti;PR
-;-;Bela Vista do Paraíso;André Vagetti;PR
-;-;Florestópolis;André Vagetti;PR
-;-;Miraselva;André Vagetti;PR
-;-;Porecatu;André Vagetti;PR
-;-;Prado Ferreira;André Vagetti;PR
-;-;Primeiro de Maio;André Vagetti;PR
-;-;Sertanópolis;André Vagetti;PR
-;-;Doutor Camargo;André Vagetti;PR
-;-;Floraí;André Vagetti;PR
-;-;Floresta;André Vagetti;PR
-;-;Itambé;André Vagetti;PR
-;-;Ivatuba;André Vagetti;PR
-;-;Ourizona;André Vagetti;PR
-;-;São Jorge do Ivaí;André Vagetti;PR
-;-;Mandaguari;André Vagetti;PR
-;-;Marialva;André Vagetti;PR
-;-;Maringá;André Vagetti;PR
-;-;Paiçandu;André Vagetti;PR
-;-;Sarandi;André Vagetti;PR
-;-;Apucarana;André Vagetti;PR
-;-;Arapongas;André Vagetti;PR
-;-;Califórnia;André Vagetti;PR
-;-;Cambira;André Vagetti;PR
-;-;Jandaia do Sul;André Vagetti;PR
-;-;Marilândia do Sul;André Vagetti;PR
-;-;Mauá da Serra;André Vagetti;PR
-;-;Novo Itacolomi;André Vagetti;PR
-;-;Sabáudia;André Vagetti;PR
-;-;Cambé;André Vagetti;PR
-;-;Ibiporã;André Vagetti;PR
-;-;Londrina;André Vagetti;PR
-;-;Pitangueiras;André Vagetti;PR
-;-;Rolândia;André Vagetti;PR
-;-;Tamarana;André Vagetti;PR
-;-;Bom Sucesso;André Vagetti;PR
-;-;Borrazópolis;André Vagetti;PR
-;-;Cruzmaltina;André Vagetti;PR
-;-;Faxinal;André Vagetti;PR
-;-;Kaloré;André Vagetti;PR
-;-;Marumbi;André Vagetti;PR
-;-;Rio Bom;André Vagetti;PR
-;-;Arapuã;André Vagetti;PR
-;-;Ariranha do Ivaí;André Vagetti;PR
-;-;Cândido de Abreu;André Vagetti;PR
-;-;Godoy Moreira;André Vagetti;PR
-;-;Grandes Rios;André Vagetti;PR
-;-;Ivaiporã;André Vagetti;PR
-;-;Jardim Alegre;André Vagetti;PR
-;-;Lidianópolis;André Vagetti;PR
-;-;Lunardelli;André Vagetti;PR
-;-;Manoel Ribas;André Vagetti;PR
-;-;Nova Tebas;André Vagetti;PR
-;-;Rio Branco do Ivaí;André Vagetti;PR
-;-;Rosário do Ivaí;André Vagetti;PR
-;-;São João do Ivaí;André Vagetti;PR
-;-;São Pedro do Ivaí;André Vagetti;PR
-;-;Assaí;André Vagetti;PR
-;-;Jataizinho;André Vagetti;PR
-;-;Nova Santa Bárbara;André Vagetti;PR
-;-;Rancho Alegre;André Vagetti;PR
-;-;Santa Cecília do Pavão;André Vagetti;PR
-;-;São Jerônimo da Serra;André Vagetti;PR
-;-;São Sebastião da Amoreira;André Vagetti;PR
-;-;Uraí;André Vagetti;PR
-;-;Abatiá;André Vagetti;PR
-;-;Andirá;André Vagetti;PR
-;-;Bandeirantes;André Vagetti;PR
-;-;Congonhinhas;André Vagetti;PR
-;-;Cornélio Procópio;André Vagetti;PR
-;-;Itambaracá;André Vagetti;PR
-;-;Leópolis;André Vagetti;PR
-;-;Nova América da Colina;André Vagetti;PR
-;-;Nova Fátima;André Vagetti;PR
-;-;Santa Amélia;André Vagetti;PR
-;-;Santa Mariana;André Vagetti;PR
-;-;Santo Antônio do Paraíso;André Vagetti;PR
-;-;Sertaneja;André Vagetti;PR
-;-;Ribeirão do Pinhal;André Vagetti;PR
-;-;Barra do Jacaré;André Vagetti;PR
-;-;Cambará;André Vagetti;PR
-;-;Jacarezinho;André Vagetti;PR
-;-;Jundiaí do Sul;André Vagetti;PR
-;-;Ribeirão Claro;André Vagetti;PR
-;-;Santo Antônio da Platina;André Vagetti;PR
-;-;Conselheiro Mairinck;André Vagetti;PR
-;-;Curiúva;André Vagetti;PR
-;-;Figueira;André Vagetti;PR
-;-;Ibaiti;André Vagetti;PR
-;-;Jaboti;André Vagetti;PR
-;-;Japira;André Vagetti;PR
-;-;Pinhalão;André Vagetti;PR
-;-;Sapopema;André Vagetti;PR
-;-;Carlópolis;André Vagetti;PR
-;-;Guapirama;André Vagetti;PR
-;-;Joaquim Távora;André Vagetti;PR
-;-;Quatiguá;André Vagetti;PR
-;-;Salto do Itararé;André Vagetti;PR
-;-;Santana do Itararé;André Vagetti;PR
-;-;São José da Boa Vista;André Vagetti;PR
-;-;Siqueira Campos;André Vagetti;PR
-;-;Tomazina;André Vagetti;PR
-;-;Wenceslau Braz;André Vagetti;PR
-;-;Imbaú;Cristiano Lara;PR
-;-;Ortigueira;Cristiano Lara;PR
-;-;Reserva;Cristiano Lara;PR
-;-;Telêmaco Borba;Cristiano Lara;PR
-;-;Tibagi;Cristiano Lara;PR
-;-;Ventania;Cristiano Lara;PR
-;-;Arapoti;Cristiano Lara;PR
-;-;Jaguariaíva;Cristiano Lara;PR
-;-;Piraí do Sul;Cristiano Lara;PR
-;-;Sengés;Cristiano Lara;PR
-;-;Carambeí;Cristiano Lara;PR
-;-;Castro;Cristiano Lara;PR
-;-;Palmeira;Cristiano Lara;PR
-;-;Ponta Grossa;Cristiano Lara;PR
-;-;Assis Chateaubriand;André Vagetti;PR
-;-;Diamante d'Oeste;André Vagetti;PR
-;-;Entre Rios do Oeste;André Vagetti;PR
-;-;Formosa do Oeste;André Vagetti;PR
-;-;Guaíra;André Vagetti;PR
-;-;Iracema do Oeste;André Vagetti;PR
-;-;Jesuítas;André Vagetti;PR
-;-;Marechal Cândido Rondon;André Vagetti;PR
-;-;Maripá;André Vagetti;PR
-;-;Mercedes;André Vagetti;PR
-;-;Nova Santa Rosa;André Vagetti;PR
-;-;Ouro Verde do Oeste;André Vagetti;PR
-;-;Palotina;André Vagetti;PR
-;-;Pato Bragado;André Vagetti;PR
-;-;Quatro Pontes;André Vagetti;PR
-;-;Santa Helena;André Vagetti;PR
-;-;São José das Palmeiras;André Vagetti;PR
-;-;São Pedro do Iguaçu;André Vagetti;PR
-;-;Terra Roxa;André Vagetti;PR
-;-;Toledo;André Vagetti;PR
-;-;Tupãssi;André Vagetti;PR
-;-;Anahy;André Vagetti;PR
-;-;Boa Vista da Aparecida;André Vagetti;PR
-;-;Braganey;André Vagetti;PR
-;-;Cafelândia;André Vagetti;PR
-;-;Campo Bonito;André Vagetti;PR
-;-;Capitão Leônidas Marques;André Vagetti;PR
-;-;Cascavel;André Vagetti;PR
-;-;Catanduvas;André Vagetti;PR
-;-;Corbélia;André Vagetti;PR
-;-;Diamante do Sul;André Vagetti;PR
-;-;Guaraniaçu;André Vagetti;PR
-;-;Ibema;André Vagetti;PR
-;-;Iguatu;André Vagetti;PR
-;-;Lindoeste;André Vagetti;PR
-;-;Nova Aurora;André Vagetti;PR
-;-;Santa Lúcia;André Vagetti;PR
-;-;Santa Tereza do Oeste;André Vagetti;PR
-;-;Três Barras do Paraná;André Vagetti;PR
-;-;Céu Azul;André Vagetti;PR
-;-;Foz do Iguaçu;André Vagetti;PR
-;-;Itaipulândia;André Vagetti;PR
-;-;Matelândia;André Vagetti;PR
-;-;Medianeira;André Vagetti;PR
-;-;Missal;André Vagetti;PR
-;-;Ramilândia;André Vagetti;PR
-;-;Santa Terezinha de Itaipu;André Vagetti;PR
-;-;São Miguel do Iguaçu;André Vagetti;PR
-;-;Serranópolis do Iguaçu;André Vagetti;PR
-;-;Vera Cruz do Oeste;André Vagetti;PR
-;-;Ampére;André Vagetti;PR
-;-;Bela Vista da Caroba;André Vagetti;PR
-;-;Capanema;André Vagetti;PR
-;-;Pérola d'Oeste;André Vagetti;PR
-;-;Planalto;André Vagetti;PR
-;-;Pranchita;André Vagetti;PR
-;-;Realeza;André Vagetti;PR
-;-;Santa Izabel do Oeste;André Vagetti;PR
-;-;Barracão;André Vagetti;PR
-;-;Boa Esperança do Iguaçu;André Vagetti;PR
-;-;Bom Jesus do Sul;André Vagetti;PR
-;-;Cruzeiro do Iguaçu;André Vagetti;PR
-;-;Dois Vizinhos;André Vagetti;PR
-;-;Enéas Marques;André Vagetti;PR
-;-;Flor da Serra do Sul;André Vagetti;PR
-;-;Francisco Beltrão;André Vagetti;PR
-;-;Manfrinópolis;André Vagetti;PR
-;-;Marmeleiro;André Vagetti;PR
-;-;Nova Esperança do Sudoeste;André Vagetti;PR
-;-;Nova Prata do Iguaçu;André Vagetti;PR
-;-;Pinhal de São Bento;André Vagetti;PR
-;-;Renascença;André Vagetti;PR
-;-;Salgado Filho;André Vagetti;PR
-;-;Salto do Lontra;André Vagetti;PR
-;-;Santo Antônio do Sudoeste;André Vagetti;PR
-;-;São Jorge d'Oeste;André Vagetti;PR
-;-;Verê;André Vagetti;PR
-;-;Bom Sucesso do Sul;André Vagetti;PR
-;-;Chopinzinho;André Vagetti;PR
-;-;Coronel Vivida;André Vagetti;PR
-;-;Itapejara d'Oeste;André Vagetti;PR
-;-;Mariópolis;André Vagetti;PR
-;-;Pato Branco;André Vagetti;PR
-;-;São João;André Vagetti;PR
-;-;Saudade do Iguaçu;André Vagetti;PR
-;-;Sulina;André Vagetti;PR
-;-;Vitorino;André Vagetti;PR
-;-;Boa Ventura de São Roque;Cristiano Lara;PR
-;-;Laranjal;Cristiano Lara;PR
-;-;Mato Rico;Cristiano Lara;PR
-;-;Palmital;Cristiano Lara;PR
-;-;Pitanga;Cristiano Lara;PR
-;-;Santa Maria do Oeste;Cristiano Lara;PR
-;-;Campina do Simão;Cristiano Lara;PR
-;-;Candói;Cristiano Lara;PR
-;-;Cantagalo;Cristiano Lara;PR
-;-;Espigão Alto do Iguaçu;Cristiano Lara;PR
-;-;Foz do Jordão;Cristiano Lara;PR
-;-;Goioxim;Cristiano Lara;PR
-;-;Guarapuava;Cristiano Lara;PR
-;-;Inácio Martins;Cristiano Lara;PR
-;-;Laranjeiras do Sul;Cristiano Lara;PR
-;-;Marquinho;Cristiano Lara;PR
-;-;Nova Laranjeiras;Cristiano Lara;PR
-;-;Pinhão;Cristiano Lara;PR
-;-;Porto Barreiro;Cristiano Lara;PR
-;-;Quedas do Iguaçu;Cristiano Lara;PR
-;-;Reserva do Iguaçu;Cristiano Lara;PR
-;-;Rio Bonito do Iguaçu;Cristiano Lara;PR
-;-;Turvo;Cristiano Lara;PR
-;-;Virmond;Cristiano Lara;PR
-;-;Clevelândia;Cristiano Lara;PR
-;-;Coronel Domingos Soares;Cristiano Lara;PR
-;-;Honório Serpa;Cristiano Lara;PR
-;-;Mangueirinha;Cristiano Lara;PR
-;-;Palmas;Cristiano Lara;PR
-;-;Fernandes Pinheiro;Cristiano Lara;PR
-;-;Guamiranga;Cristiano Lara;PR
-;-;Imbituva;Cristiano Lara;PR
-;-;Ipiranga;Cristiano Lara;PR
-;-;Ivaí;Cristiano Lara;PR
-;-;Prudentópolis;Cristiano Lara;PR
-;-;Teixeira Soares;Cristiano Lara;PR
-;-;Irati;Cristiano Lara;PR
-;-;Mallet;Cristiano Lara;PR
-;-;Rebouças;Cristiano Lara;PR
-;-;Rio Azul;Cristiano Lara;PR
-;-;Bituruna;Cristiano Lara;PR
-;-;Cruz Machado;Cristiano Lara;PR
-;-;General Carneiro;Cristiano Lara;PR
-;-;Paula Freitas;Cristiano Lara;PR
-;-;Paulo Frontin;Cristiano Lara;PR
-;-;Porto Vitória;Cristiano Lara;PR
-;-;União da Vitória;Cristiano Lara;PR
-;-;Antônio Olinto;Cristiano Lara;PR
-;-;São João do Triunfo;Cristiano Lara;PR
-;-;São Mateus do Sul;Cristiano Lara;PR
-;-;Adrianópolis;Cristiano Lara;PR
-;-;Cerro Azul;Cristiano Lara;PR
-;-;Doutor Ulysses;Cristiano Lara;PR
-;-;Lapa;Cristiano Lara;PR
-;-;Porto Amazonas;Cristiano Lara;PR
-;-;Almirante Tamandaré;Cristiano Lara;PR
-;-;Araucária;Cristiano Lara;PR
-;-;Balsa Nova;Cristiano Lara;PR
-;-;Bocaiúva do Sul;Cristiano Lara;PR
-;-;Campina Grande do Sul;Cristiano Lara;PR
-;-;Campo Largo;Cristiano Lara;PR
-;-;Campo Magro;Cristiano Lara;PR
-;-;Colombo;Cristiano Lara;PR
-;-;Contenda;Cristiano Lara;PR
-;-;Curitiba;Cristiano Lara;PR
-;-;Fazenda Rio Grande;Cristiano Lara;PR
-;-;Itaperuçu;Cristiano Lara;PR
-;-;Mandirituba;Cristiano Lara;PR
-;-;Pinhais;Cristiano Lara;PR
-;-;Piraquara;Cristiano Lara;PR
-;-;Quatro Barras;Cristiano Lara;PR
-;-;Rio Branco do Sul;Cristiano Lara;PR
-;-;São José dos Pinhais;Cristiano Lara;PR
-;-;Tunas do Paraná;Cristiano Lara;PR
-;-;Antonina;Cristiano Lara;PR
-;-;Guaraqueçaba;Cristiano Lara;PR
-;-;Guaratuba;Cristiano Lara;PR
-;-;Matinhos;Cristiano Lara;PR
-;-;Morretes;Cristiano Lara;PR
-;-;Paranaguá;Cristiano Lara;PR
-;-;Pontal do Paraná;Cristiano Lara;PR
-;-;Agudos do Sul;Cristiano Lara;PR
-;-;Campo do Tenente;Cristiano Lara;PR
-;-;Piên;Cristiano Lara;PR
-;-;Quitandinha;Cristiano Lara;PR
-;-;Rio Negro;Cristiano Lara;PR
-;-;Tijucas do Sul;Cristiano Lara;PR
